order_id,total_amount,avg_amount
1,839.30,839.300000
2,303.79,303.790000
3,1461.31,730.655000
4,839.30,839.300000
5,299.00,299.000000
6,299.00,299.000000
7,1539.28,513.093333
8,679.99,679.990000
9,489.30,489.300000
